,year,investment,revenue,profit,profit_margin_percentage,roi_percentage
0,2017,54659,189063.95292000787,374545.3881798203,198.1051291878409,685.2401035141885
1,2018,44368,181466.829450008,330960.47044446785,182.38069814056217,745.944082321646
